X,mean,MOEA_D,NSGA_II,R2_MOEA,VSD_MOEA
1,50,0.3175818173,0.1353254423,0.3597176302,0.5013988243
2,100,0.2516664621,0.0668119491,0.3571345829,0.4051949139
3,250,0.2485744146,0.0293856936,0.3186798153,0.422475629
4,500,0.2199812497,0.000355286,0.3329763906,0.4597394552
5,1000,0.0835664008,0,0.2956800457,0.0579703877
