X,mean,MOEA_D,NSGA_II,R2_MOEA,VSD_MOEA,,,,
1,50,0.385201810542226,0.521845796833818,0.429709043437114,0.576718848015141,0.8800109639,0.8673872803,0.8953421362,0.8952925147
2,100,0.179632897474995,0.303167829410177,0.418550012858019,0.553823927862899,0.8556992034,0.8489580932,0.8721274198,0.8790107205
3,250,0.075872100137602,0.16111600632609,0.43205628876012,0.491916664900989,0.8355802872,0.8363199303,0.8542935232,0.8594206828
4,500,0.057126024259228,0.061244683052013,0.425243070156184,0.392547794851012,0.8174396644,0.8136237596,0.8507535858,0.8388113432
5,1000,0.074786226135224,0.056570667558749,0.382768464911955,0.209525308994786,0.7947449497,0.7728188038,0.8473915745,0.8018789991
