X,mean,MOEA_D,NSGA_II,R2_MOEA,VSD_MOEA
1,50,0.6138382127,0.8621267117,0.7194506758,0.9902413274
2,100,0.7181729563,0.8826304986,0.6984988241,0.9902413127
3,250,0.6138381832,0.9242333295,0.6981506155,0.990241151
4,500,0.6347051627,0.9654625147,0.8198548448,0.9902359243
5,1000,0.6347063417,0.9859989297,0.7769987205,0.9853541053
