X,mean,MOEA_D,NSGA_II,R2_MOEA,VSD_MOEA
1,50,0.8658825164,0.8673872803,0.7267672162,0.895060765
2,100,0.8438050064,0.8489580932,0.7135642646,0.8787200341
3,250,0.8176348541,0.8363199303,0.7019646589,0.8594036788
4,500,0.7815034541,0.8136237596,0.6943584211,0.8385283661
5,1000,0.7295361265,0.7728188038,0.6885873415,0.7987154204
